Name,ID,Date,Time,Status
avii,2,2026-01-18,17:58:59,
avii,2,2026-01-18,17:59:00,
avii,2,2026-01-18,17:59:00,
avii,2,2026-01-18,17:59:00,
avii,2,2026-01-18,17:59:00,
avii,2,2026-01-18,17:59:00,
avii,2,2026-01-18,17:59:00,
avii,2,2026-01-18,17:59:00,
avii,2,2026-01-18,17:59:01,
aviiii,3,2026-01-18,17:59:01,
avii,2,2026-01-18,17:59:01,
avii,2,2026-01-18,17:59:01,
avii,2,2026-01-18,17:59:01,
avii,2,2026-01-18,17:59:01,
avii,2,2026-01-18,17:59:01,
aviiii,3,2026-01-18,17:59:02,
aviiii,3,2026-01-18,17:59:02,
aviiii,3,2026-01-18,17:59:02,
aviiii,3,2026-01-18,17:59:02,
aviiii,3,2026-01-18,17:59:02,
avii,2,2026-01-18,17:59:02,
avii,2,2026-01-18,17:59:03,
avii,2,2026-01-18,17:59:03,
avii,2,2026-01-18,17:59:03,
avii,2,2026-01-18,17:59:03,
avii,2,2026-01-18,17:59:03,
avii,2,2026-01-18,17:59:03,
aviiii,3,2026-01-18,17:59:03,
aviiii,3,2026-01-18,17:59:03,
avii,2,2026-01-18,17:59:04,
avii,2,2026-01-18,17:59:04,
avii,2,2026-01-18,17:59:04,
aviiii,3,2026-01-18,17:59:04,
avii,2,2026-01-18,17:59:04,
avii,2,2026-01-18,17:59:04,
aviiii,3,2026-01-18,17:59:21,
aviiii,3,2026-01-18,17:59:22,
aviiii,3,2026-01-18,17:59:22,
avii,2,2026-01-18,17:59:22,
avii,2,2026-01-18,17:59:22,
aviiii,3,2026-01-18,17:59:22,
avii,2,2026-01-18,17:59:22,
avii,2,2026-01-18,17:59:22,
avii,2,2026-01-18,17:59:23,
avii,2,2026-01-18,17:59:23,
avii,2,2026-01-18,17:59:23,
avii,2,2026-01-18,17:59:23,
avii,2,2026-01-18,17:59:23,
aviiii,3,2026-01-18,17:59:23,
aviiii,3,2026-01-18,17:59:23,
avii,2,2026-01-18,17:59:23,
avii,2,2026-01-18,17:59:24,
avii,2,2026-01-18,17:59:24,
avii,2,2026-01-18,17:59:24,
aviiii,3,2026-01-18,17:59:24,
avii,2,2026-01-18,17:59:24,
aviiii,3,2026-01-18,17:59:24,
avii,2,2026-01-18,17:59:25,
avi,1,2026-01-18,17:59:29,
aviiii,3,2026-01-18,17:59:31,
avi,1,2026-01-18,17:59:31,
aviiii,3,2026-01-18,17:59:31,
avi,1,2026-01-18,17:59:31,
avi,1,2026-01-18,17:59:31,
avi,1,2026-01-18,17:59:32,
avi,1,2026-01-18,17:59:32,
avi,1,2026-01-18,17:59:32,
aviiii,3,2026-01-18,17:59:32,
aviiii,3,2026-01-18,17:59:32,
aviiii,3,2026-01-18,18:01:31,
aviiii,3,2026-01-18,18:01:31,
aviiii,3,2026-01-18,18:01:31,
avii,2,2026-01-18,18:01:31,
avii,2,2026-01-18,18:01:31,
avii,2,2026-01-18,18:01:31,
avii,2,2026-01-18,18:01:31,
avii,2,2026-01-18,18:01:31,
avii,2,2026-01-18,18:01:32,
avii,2,2026-01-18,18:01:32,
aviiii,3,2026-01-18,18:01:32,
aviiii,3,2026-01-18,18:01:32,
aviiii,3,2026-01-18,18:01:32,
aviiii,3,2026-01-18,18:01:32,
aviiii,3,2026-01-18,18:01:32,
aviiii,3,2026-01-18,18:01:33,
aviiii,3,2026-01-18,18:01:33,
aviiii,3,2026-01-18,18:01:33,
aviiii,3,2026-01-18,18:01:33,
aviiii,3,2026-01-18,18:01:33,
aviiii,3,2026-01-18,18:01:33,
aviiii,3,2026-01-18,18:01:33,
aviiii,3,2026-01-18,18:01:34,
aviiii,3,2026-01-18,18:01:34,
aviiii,3,2026-01-18,18:01:34,
aviiii,3,2026-01-18,18:01:34,
aviiii,3,2026-01-18,18:01:34,
aviiii,3,2026-01-18,18:01:34,
aviiii,3,2026-01-18,18:01:34,
aviiii,3,2026-01-18,18:01:35,
aviiii,3,2026-01-18,18:01:35,
aviiii,3,2026-01-18,18:01:35,
aviiii,3,2026-01-18,18:01:35,
aviiii,3,2026-01-18,18:01:35,
aviiii,3,2026-01-18,18:01:35,
avii,2,2026-01-18,18:01:35,
aviiii,3,2026-01-18,18:01:35,
aviiii,3,2026-01-18,18:01:36,
aviiii,3,2026-01-18,18:01:36,
aviiii,3,2026-01-18,18:01:36,
aviiii,3,2026-01-18,18:01:36,
aviiii,3,2026-01-18,18:01:38,
aviiii,3,2026-01-18,18:01:38,
aviiii,3,2026-01-18,18:01:38,
aviiii,3,2026-01-18,18:01:38,
aviiii,3,2026-01-18,18:01:38,
avii,2,2026-01-18,18:01:38,
avii,2,2026-01-18,18:01:39,
aviiii,3,2026-01-18,18:01:39,
aviiii,3,2026-01-18,18:01:39,
aviiii,3,2026-01-18,18:01:39,
avii,2,2026-01-18,18:01:39,
avii,2,2026-01-18,18:01:39,
avii,2,2026-01-18,18:01:39,
avii,2,2026-01-18,18:01:39,
aviiii,3,2026-01-18,18:01:41,
aviiii,3,2026-01-18,18:01:41,
aviiii,3,2026-01-18,18:01:42,
avii,2,2026-01-18,18:01:42,
aviiii,03,2026-01-18,18:01:42,
test_user,405,2026-03-11,15:56:28,Present
test_user2,406,2026-03-11,15:57:35,Present
